pcmcat312300050015,Connected Home & Housewares
pcmcat113100050015,Carfi Instore Only
abcat0300000,Car Electronics & GPS
pcmcat298100050010,In-Store Only
abcat0207000,Musical Instruments
pcmcat252700050006,"Toys, Games & Drones"
abcat0700000,Video Games
abcat0400000,Cameras & Camcorders
abcat0500000,Computers & Tablets
abcat0900000,Appliances
abcat0200000,Audio
abcat0100000,TV & Home Theater
pcmcat242800050021,"Health, Fitness & Beauty"
pcmcat128500050004,Name Brands
abcat0800000,Cell Phones
abcat0600000,Movies & Music
pcmcat135900050041,Exclusives
pcmcat193100050013,Gadgets
