pcmcat248700050021,Housewares
pcmcat165900050023,Car Installation Parts & Accessories
abcat0802000,Telephones & Communication
abcat0302000,Car Audio
pcmcat152100050020,Recording Equipment
pcmcat244200050008,"TV, Movie & Character Toys"
abcat0208024,Musical Instrument Accessories
pcmcat152100050035,Microphones & Live Sound
pcmcat151600050037,Keyboards
pcmcat152100050027,DJ & Lighting Equipment
pcmcat274200050008,"Games, Puzzles & Cards"
pcmcat152200050014,Sheet Music & DVDs
abcat0706000,Wii
abcat0401000,Digital Cameras
abcat0701000,Xbox 360
abcat0410022,Camcorder Accessories
abcat0207005,Karaoke
abcat0515000,Computer Accessories & Peripherals
pcmcat232900050017,Pre-Owned Games
abcat0805000,Office Electronics
pcmcat156300050006,Marine & Powersports
abcat0904000,"Ranges, Cooktops & Ovens"
abcat0204000,Headphones
abcat0912000,Small Kitchen Appliances
abcat0902000,Freezers & Ice Makers
abcat0106000,"TV Stands, Mounts & Furniture"
abcat0507000,Computer Cards & Components
abcat0915000,Personal Care & Beauty
pcmcat128500050005,Apple
abcat0707000,Nintendo DS
abcat0703000,PlayStation 3
abcat0107000,TV & Home Theater Accessories
abcat0410000,Digital Camera Accessories
pcmcat302300050021,"Heating, Cooling & Air Quality"
abcat0811002,Cell Phone Accessories
abcat0404000,Memory Cards
pcmcat305400050001,"Irons, Steamers & Sewing Machines"
abcat0511007,"Scanners, Faxes & Copiers"
pcmcat275600050000,Office & School Supplies
abcat0101000,TVs
pcmcat309900050001,iPad & Tablet Accessories
pcmcat152600050013,Brother
pcmcat748301602341,Incase
abcat0809000,Office Furniture & Storage
pcmcat241600050001,Home Audio
abcat0901000,Refrigerators
pcmcat330300050001,Car Safety & Convenience
abcat0208007,iPod & MP3 Player Accessories
abcat0903000,Microwaves
abcat0910000,Washers & Dryers
pcmcat152100050010,Drums & Percussion
pcmcat333300050027,Health Monitoring & Testing
abcat0714014,Remote Control Toys
pcmcat310200050004,Bluetooth & Wireless Speakers
abcat0509000,Monitors
abcat0911000,Vacuum Cleaners & Floor Care
pcmcat341100050005,Household Essentials
pcmcat249700050006,Furniture & Decor
abcat0712000,PC Gaming
abcat0508000,Software
abcat0704000,PlayStation 2
pcmcat230800050018,Movie & Music Cards
pcmcat209000050006,Tablets
pcmcat156400050037,Unlocked Cell Phones
abcat0208000,Home Audio Accessories
abcat0801002,No-Contract Phones
pcmcat352500050007,Health & Fitness Accessories
abcat0403000,Camcorders
pcmcat151600050019,Amps & Effects
abcat0905000,Dishwashers
pcmcat232900050000,Nintendo 3DS
pcmcat254000050002,Connected Home
abcat0201000,iPod and MP3 Players
abcat0301006,Fitness & GPS Watches
pcmcat158900050008,Projectors & Screens
abcat0715000,Video Game Accessories
abcat0503000,Networking & Wireless
abcat0916000,Appliance Parts & Accessories
